001434f712204640b260145f48c75d2e8ab1f3b24eac188c8ab0fda15bd84425	libtest-6ae3c526dec8965d.rmeta
0580ca308c877af1bd5b9631bbaa91d6958e57cfca31803c057a956b42852bd7	libstd_detect-cc66add5e64ea944.rlib
0716ecf35b6bb256b6f2ba848ce6af586df42e3f0d1eef8dc2ba51ccbe927c4d	libadler2-6d94488462c1370c.rlib
09caeb058bf3f5dd1d8343d0cb57a204b8d8b88a6cbb07a9ea2c9fec2218d803	libtest-6ae3c526dec8965d.rlib
0cd16ff7268c704f957831c82c0b6ceb14eadc7a1f61dd3df623db473bbbf183	liballoc-c78f68b5fd820b31.rlib
13be68160e54d710ba34fb02388016255498a13b06c4b05bb3be2bf79edc316c	libaddr2line-e3ff983ccbea9dbc.rlib
15e471bc97ed23bba7b2760d8eeedcaad2c707bea94eaf248edb2cc636fde76e	liblibc-b96a0747e695187e.rmeta
1c06a8b0de7529c3fc57a7519553c3aecb7027b24ac3bc85b45778330f564ff0	librustc_std_workspace_alloc-650080604d9b6e28.rlib
1f6fe7e474d11805d4a8c2f739fee443a61291cb5fde53cd67fd8abf110970e4	libstd-6e2eb9cdb89f5f87.rlib
240eb79038f38661f57378b413b226a2523d95c21f51d8d163fef84d569bfc5c	libpanic_unwind-47ac402a140fc717.rlib
2e2cf257847b763198bda050bd6ff767c7a63063dff2ed39bb93999449a60ac3	libminiz_oxide-205e3bd3ac030bcf.rmeta
3241df319732370336c985402649f8d33f6676428976127e7e5f8caf69a45c98	libstd-6e2eb9cdb89f5f87.rmeta
3a8efb699d39ad76ec3e2a1ac0df6712553b8ccc50432bfe7b86bb0bf1370b5d	libmemchr-e53ef92380138df0.rlib
3d70aa0f8a3605fcf13b424e8fc025c3161719c4fa1d060c740de628aefa273c	librustc_std_workspace_core-802044f80329b9e8.rlib
42349f91a320d196f13e5827f8620536d4abdd0b0b759dccd80ae49e509736d3	libgetopts-876e58fc80c6a724.rlib
43902ca93604263f228df761fbbd762e5423071b4a37b33c605017ca78962f7e	libcompiler_builtins-fb855d4adfbbe0bc.rmeta
4f591e6c120f739dd35807498eaf73cd7954278affb6ff254a3e0d6c82e5f770	libadler2-6d94488462c1370c.rmeta
4fa10c335977e7f4d98b7f431dd5c309e78b3c30cec8d72407126811019efe22	librustc_std_workspace_std-d563e10c111d4983.rmeta
50e71c773f8b31315a66f968b533a529b642fa9387cd26cd2b9ccb83e0f1c155	liballoc-c78f68b5fd820b31.rmeta
55774ed60505171fceb5979b990e374c246789d32ad8dcf9e1a46676a704eae9	libsysroot-8688b1470af672e9.rmeta
5bdb441a78c46fa0e74b8a458baac9d515c1551856bbe61b447a172883d04eed	librustc_demangle-37adbf7320892de5.rlib
5f8c609b42eb64b2241eac396bc4ea42329447156ef522a57fbede3af233fe8b	libgimli-48c35dd669af0f87.rmeta
61d4ffe34c66cb96e0a349fd8caeccd7a6f3d13e9c40a1a2166120a8c08e0758	librustc_demangle-37adbf7320892de5.rmeta
63f7a434e892d34235c2cb04c5b983b414b662dbe977070a009290248cd9e3df	libhashbrown-6b28f63e7b6a7baf.rmeta
6c4cab76946a5e8f0163d9cd6095aa670cb4cf0867801cfcacf434ed491d1706	libcfg_if-9a20159d6e910086.rlib
6ce756f7d18c3778ad857a15946e5a8791ce6db66ed1a7c4499aa49f345e7ff4	libcore-036794501471c727.rmeta
71fa0f18da0ff997741017c0b20f6a1ff7a91e62a9dc5721e5bab914f4385f6f	librustc_std_workspace_core-802044f80329b9e8.rmeta
75cbc86724d94ac6f3be0294bf432de03a754ff8c678e323be7df9c8edfe03d0	librustc_literal_escaper-02e1b05d09a35171.rmeta
8409ad69b1f8946be2741d6122cb60ec9007e30bdec7ed382223c8b5a1d3594b	libcfg_if-9a20159d6e910086.rmeta
862c111a7cd607bec780fec2f4d6a639bebdb1be6d7ee8c1d0ae03b7bff7b153	libgimli-48c35dd669af0f87.rlib
88610625215b89a81d38a3710e5f5af8317c5c8a3d9c819a39360914e7d4b7e3	libpanic_abort-0ea44cf5a01a7676.rmeta
88e17cc933d6ef705723016e7b17b6b6c94c245e4c75691c838fc7e0dd9a70ed	libunwind-5eee20091042e580.rmeta
8d62a5a0d51fa44992000865e768325012490c775ebdcbd652ea23fb4c4c6c38	libobject-b8da41b3254cfa61.rmeta
8e6383cb671064dcac16b60d2aa4405e312bd8dfa1e4d404a95bad33af4dbde7	libstd_detect-cc66add5e64ea944.rmeta
991453c06c4ed686f857d1a587866cea3c19f2a032424b04bc5eec3545011eb6	librustc_std_workspace_alloc-650080604d9b6e28.rmeta
9d7b34d7cde75902674d054a46e721e29675eef9189ae9df9f5b3e4578c18508	libobject-b8da41b3254cfa61.rlib
9f0542719099b8d794fcdb8c7f325fd263afef6dea5bd188ae32e76debd83d73	libpanic_abort-0ea44cf5a01a7676.rlib
a8bf1ca0abd8b6720b1305fa7ebb68c95e4edb043473ec85fe2d49c3052e5b55	libstd-6e2eb9cdb89f5f87.dylib
a92b8ecb16196ce86072dd812cf9e5acbf02cd6fddd3f74a6e45acba52e72c15	liblibc-b96a0747e695187e.rlib
b267269d61e0a97429914c855f25b3b4ed941fd69d461edc4382ca83fc0b06e3	libLLVM.dylib
b6b65c2ca3823d8a3865d365aa4c202298bf1e8e68023103bf22ca559c639984	libminiz_oxide-205e3bd3ac030bcf.rlib
c2e719d2ac20072241e1d223233b1a213e695b358f04df98a012017eedf416d1	libproc_macro-9eca0a1254c49582.rmeta
c5b9d10f83c926a51fd38e1656b2e65dee28d0f4a0bc26d8c9650cdf1288018d	libcompiler_builtins-fb855d4adfbbe0bc.rlib
cf05ddb85148bad5162b43a74ea69c0b839eb98d592a96f82441303dd923ef3f	libhashbrown-6b28f63e7b6a7baf.rlib
dbd073a901dccb8a3b7765998b6ce85cfcfccf28b91dd846268a29ec5603db0d	libunwind-5eee20091042e580.rlib
df99e2763b2832cf839958f4d05605dc3cfdc51e6dfece8161877164d981549e	libgetopts-876e58fc80c6a724.rmeta
e46f7695af4fd5215a885fbf060d06ca1710b93832e2b9ac13b5fc943a80e9e0	libaddr2line-e3ff983ccbea9dbc.rmeta
e5d3ab827b28d06661a43e224e78ff319bebbbf5725c546f2ba6ba7078d1b9df	libpanic_unwind-47ac402a140fc717.rmeta
e997197a2e22a6ae7c8912f91499fd01bb99fad107a39d85d567e033c02f7d68	libcore-036794501471c727.rlib
eb2d92763351b388684505771b58f2dd6b245acd95c74d6eb5a21a3fdccabdb0	librustc_std_workspace_std-d563e10c111d4983.rlib
f22787b76200f90f72cd7d16ed448e403905687306edb6852bfab283d788ca7e	libsysroot-8688b1470af672e9.rlib
fae08d6546e1bc01939d498fd9cfe2f1b46482f14d0de5aeb3158fe377b3247d	libproc_macro-9eca0a1254c49582.rlib
ff778118c6babeebc51848ca9a920bb732b9d60c7597e3af44c749e641251c1f	librustc_literal_escaper-02e1b05d09a35171.rlib
ff97c2b5fa8e6a64e90f9f6a51e1c3d9959441497a5f129fb96874de4887ee3b	libmemchr-e53ef92380138df0.rmeta
